gene,cluster_id,level_1,level_2,level_3,level_4,max_level,is_core,mean_log2fc,direction
ABCA3,5,True,True,True,True,4,True,-1.2255807044183005,down
ABCA13,0,True,True,True,True,4,True,1.4013054992642395,up
ACADL,10,True,True,True,True,4,True,-1.345169549760037,down
ACVRL1,23,True,True,True,True,4,True,-1.0791288974477131,down
ADAM17,12,True,True,True,True,4,True,-0.26583007116900054,down
ADAMTS14,2,True,True,True,True,4,True,0.28005969325536867,up
AFF3,10,True,True,True,True,4,True,-1.5543685456895429,down
AGER,8,True,True,True,True,4,True,-1.124482715418768,down
AKAP13,24,True,True,True,True,4,True,-0.37348837526610534,down
ANXA3,23,True,True,True,True,4,True,-1.115486341664331,down
AOC3,9,True,True,True,True,4,True,-0.7936028241718018,down
ASPN,7,True,True,True,True,4,True,2.7390692264383745,up
BCHE,3,True,True,True,True,4,True,1.231137462229692,up
BMP4,16,True,True,True,True,4,True,0.8135979158352006,up
C12orf75,0,True,True,True,True,4,True,1.478779151118114,up
CA2,12,True,True,True,True,4,True,-0.955354476896825,down
CA4,11,True,True,True,True,4,True,-2.0580998757950506,down
CACNA2D2,8,True,True,True,True,4,True,-1.0969893468492067,down
CCL21,2,True,True,True,True,4,True,0.8635966715667599,up
CDH2,22,True,True,True,True,4,True,1.0742225272264232,up
CDH3,15,True,True,True,True,4,True,1.9314253226321192,up
CDH5,24,True,True,True,True,4,True,-0.5636214475298785,down
CDH13,8,True,True,True,True,4,True,-1.0874218488832863,down
CFH,3,True,True,True,True,4,True,1.1921934108426706,up
CHI3L2,10,True,True,True,True,4,True,-1.4578807073781517,down
CLCA2,3,True,True,True,True,4,True,1.225215855474323,up
CLDN1,20,True,True,True,True,4,True,1.706925831428104,up
CLEC4E,11,True,True,True,True,4,True,-2.0020201009304377,down
COL1A1,19,True,True,True,True,4,True,1.8007004759850602,up
COL1A2,17,True,True,True,True,4,True,1.024410318473391,up
COL3A1,0,True,True,True,True,4,True,1.4701479717553696,up
COL5A1,2,True,True,True,True,4,True,0.6729002270882353,up
COL5A2,16,True,True,True,True,4,True,0.9113183669743226,up
COL6A3,17,True,True,True,True,4,True,1.066056235121382,up
COL14A1,7,True,True,True,True,4,True,2.30754654220028,up
COL15A1,15,True,True,True,True,4,True,1.9303192423711482,up
COL17A1,4,True,True,True,True,4,True,1.624649433871148,up
COMP,15,True,True,True,True,4,True,2.0458511309915965,up
CPA3,22,True,True,True,True,4,True,1.1334929947871142,up
CRTAC1,10,True,True,True,True,4,True,-1.3542657143608776,down
CSF3R,5,True,True,True,True,4,True,-1.2828831666676008,down
CTSK,0,True,True,True,True,4,True,1.4800853316083098,up
CXCL1,26,True,True,True,True,4,True,0.6039517383912232,up
CXCL8,26,True,True,True,True,4,True,-0.3117508449271705,down
CXCL12,0,True,True,True,True,4,True,1.5051464746353869,up
CXCL13,28,True,True,True,True,4,True,1.7397698457212887,up
CXCL14,7,True,True,True,True,4,True,2.8185915602170866,up
DCLK1,3,True,True,True,True,4,True,1.2438720957530347,up
DIO2,15,True,True,True,True,4,True,1.886462047774976,up
EDNRB,10,True,True,True,True,4,True,-1.3711381566022414,down
ENG,9,True,True,True,True,4,True,-0.08222123813165261,down
EPHA3,4,True,True,True,True,4,True,1.640849424037348,up
SACK1D,22,True,True,True,True,4,True,1.0698584700438845,up
FAM107A,10,True,True,True,True,4,True,-1.8718504636834732,down
FAP,27,True,True,True,True,4,True,1.3659723810126048,up
FCN3,18,True,True,True,True,4,True,-2.117171281148926,down
FGF1,16,True,True,True,True,4,True,0.46530693870074735,up
FGF7,25,True,True,True,True,4,True,0.3242494706806725,up
FKBP5,11,True,True,True,True,4,True,-2.034609136797387,down
FMO5,11,True,True,True,True,4,True,-1.94774392148506,down
FN1,2,True,True,True,True,4,True,0.4322616325490191,up
FNDC1,15,True,True,True,True,4,True,1.9971738545214759,up
FPR1,10,True,True,True,True,4,True,-1.4334825290877669,down
GEM,27,True,True,True,True,4,True,1.2594021722464996,up
GPNMB,16,True,True,True,True,4,True,0.7555182516876765,up
GPR4,5,True,True,True,True,4,True,-1.275199688633987,down
GPR87,19,True,True,True,True,4,True,1.7539726144929972,up
GPX3,10,True,True,True,True,4,True,-1.6390439418814198,down
TAMALIN,8,True,True,True,True,4,True,-1.0904893450718958,down
GREM1,27,True,True,True,True,4,True,1.3084286726045748,up
GREM2,21,True,True,True,True,4,True,0.6765762859444449,up
GSTA1,19,True,True,True,True,4,True,1.7831189192035481,up
HGF,13,True,True,True,True,4,True,0.615149733755369,up
HHIP,10,True,True,True,True,4,True,-1.5078308785933698,down
HHLA2,17,True,True,True,True,4,True,1.003731479621382,up
HIF3A,11,True,True,True,True,4,True,-2.0151877580018662,down
HMCN1,17,True,True,True,True,4,True,1.1360128047054154,up
HS6ST2,22,True,True,True,True,4,True,1.0411794635154061,up
HSD17B6,10,True,True,True,True,4,True,-1.3506029457581696,down
HSPA4L,17,True,True,True,True,4,True,1.0741417237245565,up
ID1,8,True,True,True,True,4,True,-1.138305895873015,down
IFNG,25,True,True,True,True,4,True,0.023010503157329814,up
IGFL2,16,True,True,True,True,4,True,0.7954782468258643,up
IGF1,13,True,True,True,True,4,True,1.2030187297983201,up
IL1R2,11,True,True,True,True,4,True,-3.4012213708786185,down
IL1RL1,11,True,True,True,True,4,True,-2.4376763730410835,down
IL6,25,True,True,True,True,4,True,-0.9634137056386548,down
IL13RA2,7,True,True,True,True,4,True,2.322476578346872,up
IL18R1,10,True,True,True,True,4,True,-1.8377394661932775,down
IL18RAP,11,True,True,True,True,4,True,-2.066016586302054,down
IL33,17,True,True,True,True,4,True,1.0158303987810466,up
ITGA5,12,True,True,True,True,4,True,-0.33988986297572393,down
ITGA11,21,True,True,True,True,4,True,0.2818092539150327,up
ITGAV,16,True,True,True,True,4,True,0.4601800979038277,up
ITGB8,17,True,True,True,True,4,True,1.1408277848295987,up
IVD,25,True,True,True,True,4,True,-0.23575233796078346,down
KDR,9,True,True,True,True,4,True,-0.725724234946779,down
KRT5,7,True,True,True,True,4,True,2.3392952036993466,up
KRT14,16,True,True,True,True,4,True,0.7392473825037357,up
KRT15,15,True,True,True,True,4,True,1.8654073266629323,up
KRT17,15,True,True,True,True,4,True,2.0328968496713355,up
LAMA3,23,True,True,True,True,4,True,-0.7902908939957983,down
LIN7A,9,True,True,True,True,4,True,-0.7745386094948646,down
LOXL2,13,True,True,True,True,4,True,0.5434686972595703,up
LPL,23,True,True,True,True,4,True,-0.6952954881876754,down
LRRC17,20,True,True,True,True,4,True,1.7217051263832868,up
LRRN1,4,True,True,True,True,4,True,1.6054233586162463,up
LTBP1,17,True,True,True,True,4,True,1.0887981835424836,up
LUM,22,True,True,True,True,4,True,0.8689191752801131,up
MARCKS,26,True,True,True,True,4,True,0.196673844154996,up
MGAM,11,True,True,True,True,4,True,-2.0293549036554617,down
MME,23,True,True,True,True,4,True,-0.9757591287670394,down
MMP1,7,True,True,True,True,4,True,3.3575199654939305,up
MMP2,13,True,True,True,True,4,True,0.498899969208684,up
MMP3,2,True,True,True,True,4,True,0.4942102116302525,up
MMP7,7,True,True,True,True,4,True,3.4712387234827253,up
MMP10,0,True,True,True,True,4,True,1.521083770530346,up
MMP13,3,True,True,True,True,4,True,1.2059037484491135,up
MS4A2,0,True,True,True,True,4,True,1.4621332885845006,up
MSMB,7,True,True,True,True,4,True,2.189799514485061,up
MUC5B,4,True,True,True,True,4,True,1.5798866565242757,up
MXRA5,4,True,True,True,True,4,True,1.5740131173720828,up
NEK11,16,True,True,True,True,4,True,0.7793529775270769,up
NELL2,1,True,True,True,True,4,True,1.328880441698413,up
NPR1,5,True,True,True,True,4,True,-1.2251826158333328,down
OGN,1,True,True,True,True,4,True,1.286565568190475,up
P2RY1,18,True,True,True,True,4,True,-1.4202006907021467,down
PAPSS2,5,True,True,True,True,4,True,-1.2339764311951449,down
PDGFRA,5,True,True,True,True,4,True,-1.2027503305256766,down
PECAM1,24,True,True,True,True,4,True,-0.39937041755368846,down
PEBP4,10,True,True,True,True,4,True,-1.6888667469402419,down
PGC,10,True,True,True,True,4,True,-1.7814546379486458,down
PLA2G1B,11,True,True,True,True,4,True,-2.058622906500467,down
PLA2G4F,23,True,True,True,True,4,True,-0.9434442543445377,down
PLLP,5,True,True,True,True,4,True,-1.2120597920639593,down
PLOD2,25,True,True,True,True,4,True,0.3035708917189533,up
POSTN,28,True,True,True,True,4,True,1.6380364407591046,up
PPP1R14A,23,True,True,True,True,4,True,-0.771987004492997,down
PROK2,18,True,True,True,True,4,True,-1.6322503748263293,down
PRSS12,1,True,True,True,True,4,True,1.3806909987913165,up
PSD3,3,True,True,True,True,4,True,1.2244562060695605,up
PTPRB,10,True,True,True,True,4,True,-1.3809278584509794,down
S100A8,10,True,True,True,True,4,True,-1.636570366316527,down
S100A12,11,True,True,True,True,4,True,-2.7214042906643328,down
SCN7A,5,True,True,True,True,4,True,-1.2496016709295046,down
SERPINB3,28,True,True,True,True,4,True,1.6182330917726422,up
SERPIND1,15,True,True,True,True,4,True,1.9745164235004664,up
SERPINI2,16,True,True,True,True,4,True,0.9239662783366013,up
SFRP2,7,True,True,True,True,4,True,3.266161326292251,up
SFRP4,20,True,True,True,True,4,True,1.708707163793652,up
SFTPA2,12,True,True,True,True,4,True,-0.5042287757983189,down
SLAMF7,15,True,True,True,True,4,True,1.8390785961022411,up
SLC6A4,18,True,True,True,True,4,True,-2.18046999348226,down
SLC27A2,27,True,True,True,True,4,True,1.2719186910284783,up
SLC39A8,10,True,True,True,True,4,True,-1.3304662090392156,down
SLCO2A1,5,True,True,True,True,4,True,-1.2719772585326792,down
SLCO4A1,11,True,True,True,True,4,True,-2.5659089851325865,down
SLN,1,True,True,True,True,4,True,1.3051328369654531,up
SMAD6,21,True,True,True,True,4,True,-0.877427118220822,down
SMAD7,21,True,True,True,True,4,True,-0.32274196752194206,down
SOX2,4,True,True,True,True,4,True,1.6472572486083097,up
SPARC,26,True,True,True,True,4,True,0.22089824840802955,up
SPP1,28,True,True,True,True,4,True,2.4546231840784305,up
STX11,8,True,True,True,True,4,True,-1.0169594564122317,down
SULF1,15,True,True,True,True,4,True,1.8552756732086841,up
SYNPO2,22,True,True,True,True,4,True,1.0928440956872085,up
SYTL2,16,True,True,True,True,4,True,0.7896117030424832,up
TDO2,28,True,True,True,True,4,True,1.9163097823459376,up
TGFB2,16,True,True,True,True,4,True,0.9079257347469659,up
THBS1,21,True,True,True,True,4,True,-0.9189568419355751,down
THBS2,27,True,True,True,True,4,True,1.342545890971522,up
THY1,15,True,True,True,True,4,True,1.9389522460662931,up
TIMP2,26,True,True,True,True,4,True,0.13747963937441787,up
TIMP3,8,True,True,True,True,4,True,-0.9571386804668524,down
TLR2,23,True,True,True,True,4,True,-0.8302282611615324,down
TMEM45A,0,True,True,True,True,4,True,1.4769905351937436,up
TMEM100,18,True,True,True,True,4,True,-1.8962240605130714,down
TMPRSS4,20,True,True,True,True,4,True,1.7301995022577028,up
TNNC1,12,True,True,True,True,4,True,-0.8901247054080298,down
TP63,15,True,True,True,True,4,True,1.9856203146605973,up
TRIM2,17,True,True,True,True,4,True,1.0658298035499534,up
TSPAN1,28,True,True,True,True,4,True,1.50188546176424,up
VCAM1,19,True,True,True,True,4,True,1.7699759648842204,up
VIPR1,18,True,True,True,True,4,True,-1.8710492661918776,down
VSIG1,0,True,True,True,True,4,True,1.5251974121400558,up
WDR49,17,True,True,True,True,4,True,1.0871581909197008,up
WNT5A,2,True,True,True,True,4,True,0.49895416361391187,up
ZBTB16,10,True,True,True,True,4,True,-1.8342584110821678,down
ZBTB7C,2,True,True,True,True,4,True,0.39604141816713323,up
ZKSCAN1,21,True,True,True,True,4,True,0.31728490474042914,up
ATP11A,14,True,False,True,True,4,False,-0.31580098626237124,down
BMP7,21,True,False,True,True,4,False,0.15414169640686287,up
BMPR2,14,True,False,True,True,4,False,-0.34557556349486457,down
DNAI7,17,True,False,True,True,4,False,1.117496093873016,up
CCL2,26,True,False,True,True,4,False,0.6185351622530347,up
CCL18,17,True,False,True,True,4,False,1.0816233150485532,up
CXCR2,18,True,False,True,True,4,False,-1.3431029613730152,down
DNAH7,22,True,False,True,True,4,False,0.9468019730177399,up
DNAH9,22,True,False,True,True,4,False,1.0222856044299726,up
DPP9,25,True,False,True,True,4,False,-0.13110508795284778,down
DSP,13,True,False,True,True,4,False,0.5492061791956112,up
DZIP3,22,True,False,True,True,4,False,1.0039902218580765,up
EDNRA,13,True,False,True,True,4,False,0.4965369312992524,up
EGFR,14,True,False,True,True,4,False,-0.2459301202955185,down
EZH1,6,True,False,True,True,4,False,-0.24394953811671258,down
FAM13A,25,True,False,True,True,4,False,-0.017995475520542332,down
FAM81B,20,True,False,True,True,4,False,1.69394916776704,up
FANK1,1,True,False,True,True,4,False,1.3247581165224085,up
HECTD2,2,True,False,True,True,4,False,0.30688064284920485,up
HRAS,26,True,False,True,True,4,False,0.1043182477794115,up
IL1RN,14,True,True,True,True,4,False,0.8248000444421103,up
IL10,25,True,False,True,True,4,False,-0.39204257947432297,down
INMT,6,True,False,True,True,4,False,-1.1989249014509817,down
ITGA3,25,True,False,True,True,4,False,-0.03864872340336182,down
JAG2,6,True,True,True,True,4,False,0.40086930644911317,up
KRT19,6,True,False,True,True,4,False,0.45100401919187566,up
LAMC2,6,True,False,True,True,4,False,0.36426465619561155,up
LEF1,2,True,False,True,True,4,False,0.5404235519402429,up
LRRC32,8,True,False,True,True,4,False,-1.0283960686942106,down
LRRC46,28,True,False,True,True,4,False,1.478076196382353,up
MAFK,24,True,False,True,True,4,False,-0.28185910685667614,down
MMP8,6,True,False,True,True,4,False,-0.7628742850084036,down
MNS1,1,True,False,True,True,4,False,1.3160427399094299,up
NLRP3,26,True,False,True,True,4,False,-0.6138867905830995,down
NOTCH1,24,True,False,True,True,4,False,-0.3359014900877688,down
RRM2,14,True,True,True,True,4,False,0.45925636222642413,up
S100A9,5,True,False,True,True,4,False,-1.2573186144948645,down
SERPINE1,25,True,False,True,True,4,False,-0.8052450032413639,down
SFTPC,14,True,False,True,True,4,False,-0.2822024626377206,down
SFTPD,24,True,False,True,True,4,False,-0.5534144060784314,down
SPAG17,27,True,False,True,True,4,False,1.2225393263155933,up
SPATA17,22,True,False,True,True,4,False,1.1595493209785246,up
SPATA18,19,True,False,True,True,4,False,1.7930938623954251,up
STOML3,22,True,False,True,True,4,False,1.015912875993464,up
SLITRK6,0,True,False,True,True,4,False,1.4381412845961725,up
TAGLN,6,True,False,True,True,4,False,0.43374429620915045,up
TEKT1,22,True,False,True,True,4,False,1.1835438156405227,up
TLR3,26,True,False,True,True,4,False,-0.14212469479318365,down
VEGFA,9,True,False,True,True,4,False,-0.5159454437656386,down
DNAI3,22,True,False,True,True,4,False,1.0803838571386548,up
ZG16B,6,True,False,True,True,4,False,1.044511374901961,up
